{
    "esm_wasserstein": {
        "train": {
            "Mean": 0.0003820579344788592,
            "CI_low": 0.0003398206264464697,
            "CI_high": 0.00043079704504158544
        }
    },
    "aa_sequence_wasserstein": {
        "train": {
            "Mean": 8.172006163056646e-05,
            "CI_low": 6.96614424569244e-05,
            "CI_high": 0.00010226584042287508
        }
    }
}