{
    "esm_wasserstein": {
        "train": {
            "Mean": 0.00038523556016597447,
            "CI_low": 0.0003526257973578526,
            "CI_high": 0.0004291475555045607
        }
    },
    "aa_sequence_wasserstein": {
        "train": {
            "Mean": 8.173633565633739e-05,
            "CI_low": 7.045455907801213e-05,
            "CI_high": 0.00010098083584827898
        }
    }
}