{
    "esm_wasserstein": {
        "price129": {
            "Mean": 0.02970025507978067,
            "CI_low": 0.026784875482359777,
            "CI_high": 0.033011543531481724
        },
        "new392": {
            "Mean": 0.031831837452896264,
            "CI_low": 0.027127282231087683,
            "CI_high": 0.0368891682711431
        },
        "halogenase": {
            "Mean": 0.054791831830406285,
            "CI_low": 0.04771764956351984,
            "CI_high": 0.062087495594361386
        }
    },
    "aa_sequence_wasserstein": {
        "price129": {
            "Mean": 0.008624691938327805,
            "CI_low": 0.007489129594711265,
            "CI_high": 0.009934124742266697
        },
        "new392": {
            "Mean": 0.005488223898006588,
            "CI_low": 0.004589973253510528,
            "CI_high": 0.006393506735705876
        },
        "halogenase": {
            "Mean": 0.0077882661965112685,
            "CI_low": 0.006847608956955366,
            "CI_high": 0.009029746613987281
        }
    },
    "correlation": {
        "pearson": [
            NaN,
            NaN,
            NaN
        ],
        "spearman": [
            NaN,
            NaN,
            NaN
        ]
    }
}