{
    "esm_wasserstein": {
        "OM-RGC-GH-pool_labeled": {
            "Mean": 0.09398349935839229,
            "CI_low": 0.08204015276919298,
            "CI_high": 0.10759677607131073
        },
        "GH_valid": {
            "Mean": 0.02778637184523224,
            "CI_low": 0.024691919960845337,
            "CI_high": 0.03081675672219938
        },
        "GH_test": {
            "Mean": 0.027847077517098456,
            "CI_low": 0.025127540428246463,
            "CI_high": 0.031111812492335578
        },
        "GH_experimental_filled": {
            "Mean": 0.0509368029311075,
            "CI_low": 0.04510968845545978,
            "CI_high": 0.057668806302490015
        }
    },
    "aa_sequence_wasserstein": {
        "OM-RGC-GH-pool_labeled": {
            "Mean": 0.016756390722665875,
            "CI_low": 0.015317513103189509,
            "CI_high": 0.018060862666676808
        },
        "GH_valid": {
            "Mean": 0.00659230386582674,
            "CI_low": 0.005855493727616589,
            "CI_high": 0.00741700830866091
        },
        "GH_test": {
            "Mean": 0.006788821894435015,
            "CI_low": 0.005948479594567509,
            "CI_high": 0.007698840834687934
        },
        "GH_experimental_filled": {
            "Mean": 0.009477508299076867,
            "CI_low": 0.008160794664507086,
            "CI_high": 0.010797978004903444
        }
    },
    "correlation": {
        "pearson": [
            NaN,
            NaN,
            NaN
        ],
        "spearman": [
            NaN,
            NaN,
            NaN
        ]
    }
}