{
    "esm_wasserstein": {
        "OM-RGC-GH-pool_labeled": {
            "Mean": 0.09423575716100832,
            "CI_low": 0.08034420957974168,
            "CI_high": 0.10649763590853445
        },
        "GH_valid": {
            "Mean": 0.027522050033134907,
            "CI_low": 0.025059359162911132,
            "CI_high": 0.030324328217962597
        },
        "GH_test": {
            "Mean": 0.027769878414652522,
            "CI_low": 0.025024207160243703,
            "CI_high": 0.030758988511982208
        },
        "GH_experimental_filled": {
            "Mean": 0.0510657908834349,
            "CI_low": 0.04653772800870095,
            "CI_high": 0.05662083631669676
        }
    },
    "aa_sequence_wasserstein": {
        "OM-RGC-GH-pool_labeled": {
            "Mean": 0.016694395974697292,
            "CI_low": 0.015329161347981499,
            "CI_high": 0.017884233389686408
        },
        "GH_valid": {
            "Mean": 0.006588773320591006,
            "CI_low": 0.005874146960958047,
            "CI_high": 0.007378286615467013
        },
        "GH_test": {
            "Mean": 0.0067919764727918,
            "CI_low": 0.005909504172656128,
            "CI_high": 0.007571047698090432
        },
        "GH_experimental_filled": {
            "Mean": 0.00955469353351632,
            "CI_low": 0.008526089677047998,
            "CI_high": 0.010730152317200335
        }
    },
    "correlation": {
        "pearson": [
            NaN,
            NaN,
            NaN
        ],
        "spearman": [
            NaN,
            NaN,
            NaN
        ]
    }
}