{
    "esm_wasserstein": {
        "price129": {
            "Mean": 0.02972085173859658,
            "CI_low": 0.026278603859481626,
            "CI_high": 0.033057731211206996
        },
        "new392": {
            "Mean": 0.03158859933887308,
            "CI_low": 0.027036804557730703,
            "CI_high": 0.03627410335450628
        },
        "halogenase": {
            "Mean": 0.05507846899996241,
            "CI_low": 0.04822684569190476,
            "CI_high": 0.06278931439083955
        }
    },
    "aa_sequence_wasserstein": {
        "price129": {
            "Mean": 0.008709843926211438,
            "CI_low": 0.0076777377481008924,
            "CI_high": 0.00999156377082787
        },
        "new392": {
            "Mean": 0.005431941754194828,
            "CI_low": 0.004627533280665259,
            "CI_high": 0.006322429356612836
        },
        "halogenase": {
            "Mean": 0.007801906581381726,
            "CI_low": 0.006771933782984249,
            "CI_high": 0.00890786979981216
        }
    },
    "correlation": {
        "pearson": [
            NaN,
            NaN,
            NaN
        ],
        "spearman": [
            NaN,
            NaN,
            NaN
        ]
    }
}