{
    "esm_wasserstein": {
        "OM-RGC-GH-pool_labeled": {
            "Mean": 0.09457312117384778,
            "CI_low": 0.08236278766841977,
            "CI_high": 0.1090939822631679
        },
        "GH_valid": {
            "Mean": 0.027527713618546477,
            "CI_low": 0.02493063301667008,
            "CI_high": 0.03042818087720903
        },
        "GH_test": {
            "Mean": 0.02776551931598359,
            "CI_low": 0.024393767412775182,
            "CI_high": 0.03150488290971803
        },
        "GH_experimental_filled": {
            "Mean": 0.05077216191736298,
            "CI_low": 0.04525147287846194,
            "CI_high": 0.05642470844484064
        }
    },
    "aa_sequence_wasserstein": {
        "OM-RGC-GH-pool_labeled": {
            "Mean": 0.01667841353830373,
            "CI_low": 0.015353005356154126,
            "CI_high": 0.018111485306313704
        },
        "GH_valid": {
            "Mean": 0.006586474638015627,
            "CI_low": 0.00580898483182627,
            "CI_high": 0.007292256403402816
        },
        "GH_test": {
            "Mean": 0.0067964440425311405,
            "CI_low": 0.005930355806002475,
            "CI_high": 0.007564197922909119
        },
        "GH_experimental_filled": {
            "Mean": 0.009441652351671425,
            "CI_low": 0.00822574216898337,
            "CI_high": 0.010536640469702244
        }
    },
    "correlation": {
        "pearson": [
            NaN,
            NaN,
            NaN
        ],
        "spearman": [
            NaN,
            NaN,
            NaN
        ]
    }
}