{
    "esm_wasserstein": {
        "valid": {
            "Mean": 0.00916964974478285,
            "CI_low": 0.008128695238478714,
            "CI_high": 0.010232700687405914
        },
        "test1": {
            "Mean": 0.008124832627307165,
            "CI_low": 0.007176232973885353,
            "CI_high": 0.009176263548655519
        },
        "test2": {
            "Mean": 0.025293658949435912,
            "CI_low": 0.022061406009365243,
            "CI_high": 0.028601367752019508
        }
    },
    "aa_sequence_wasserstein": {
        "valid": {
            "Mean": 0.001642169300060533,
            "CI_low": 0.0014550011763166792,
            "CI_high": 0.0018197191258124527
        },
        "test1": {
            "Mean": 0.0012437212617024,
            "CI_low": 0.0010951120812026024,
            "CI_high": 0.0014270187909183058
        },
        "test2": {
            "Mean": 0.0031791509373819637,
            "CI_low": 0.002830061949690775,
            "CI_high": 0.0036017432320443227
        }
    },
    "correlation": {
        "pearson": [
            NaN,
            NaN,
            NaN
        ],
        "spearman": [
            NaN,
            NaN,
            NaN
        ]
    }
}