{
    "esm_wasserstein": {
        "OM-RGC-GH-pool_labeled": {
            "Mean": 0.09385898300975327,
            "CI_low": 0.0827554653694708,
            "CI_high": 0.10671373634466157
        },
        "GH_valid": {
            "Mean": 0.027424859884138487,
            "CI_low": 0.024762261826243935,
            "CI_high": 0.030425047204424356
        },
        "GH_test": {
            "Mean": 0.027525879517678306,
            "CI_low": 0.024672718732128295,
            "CI_high": 0.030553557243271186
        },
        "GH_experimental_filled": {
            "Mean": 0.050887474044192194,
            "CI_low": 0.04472217854729188,
            "CI_high": 0.05789872220582683
        }
    },
    "aa_sequence_wasserstein": {
        "OM-RGC-GH-pool_labeled": {
            "Mean": 0.01678572556821633,
            "CI_low": 0.015202066802348221,
            "CI_high": 0.0182333870560233
        },
        "GH_valid": {
            "Mean": 0.0066311822316062466,
            "CI_low": 0.005913845898137445,
            "CI_high": 0.007468362847047687
        },
        "GH_test": {
            "Mean": 0.006802318580778432,
            "CI_low": 0.00614123317610468,
            "CI_high": 0.007597549572080878
        },
        "GH_experimental_filled": {
            "Mean": 0.009498992929902868,
            "CI_low": 0.008259779060830091,
            "CI_high": 0.010999696287387959
        }
    },
    "correlation": {
        "pearson": [
            NaN,
            NaN,
            NaN
        ],
        "spearman": [
            NaN,
            NaN,
            NaN
        ]
    }
}