{
    "esm_wasserstein": {
        "price129": {
            "Mean": 0.029625312345467978,
            "CI_low": 0.02664031933702995,
            "CI_high": 0.03306423949425116
        },
        "new392": {
            "Mean": 0.03148990220339961,
            "CI_low": 0.02681796175328204,
            "CI_high": 0.03633583401336651
        },
        "halogenase": {
            "Mean": 0.05489113360593898,
            "CI_low": 0.04825602422656645,
            "CI_high": 0.06203742405571321
        }
    },
    "aa_sequence_wasserstein": {
        "price129": {
            "Mean": 0.008624436872021427,
            "CI_low": 0.007586332464685016,
            "CI_high": 0.009952502343546546
        },
        "new392": {
            "Mean": 0.005442867891716077,
            "CI_low": 0.004678104170622501,
            "CI_high": 0.006285929488880168
        },
        "halogenase": {
            "Mean": 0.007706860748347458,
            "CI_low": 0.006818265892177721,
            "CI_high": 0.008834636463915573
        }
    },
    "correlation": {
        "pearson": [
            NaN,
            NaN,
            NaN
        ],
        "spearman": [
            NaN,
            NaN,
            NaN
        ]
    }
}