{
    "esm_wasserstein": {
        "train": {
            "Mean": 0.0003827990036548963,
            "CI_low": 0.0003448970407040851,
            "CI_high": 0.0004350247840677108
        }
    },
    "aa_sequence_wasserstein": {
        "train": {
            "Mean": 8.21797644613304e-05,
            "CI_low": 6.92605322309447e-05,
            "CI_high": 0.00010152966891342718
        }
    }
}