{
    "esm_wasserstein": {
        "valid": {
            "Mean": 0.009150777922555359,
            "CI_low": 0.00826247914694759,
            "CI_high": 0.010274256097980645
        },
        "test1": {
            "Mean": 0.008150390465292383,
            "CI_low": 0.007274979819739458,
            "CI_high": 0.00906786335756889
        },
        "test2": {
            "Mean": 0.02528483253172549,
            "CI_low": 0.022362492625151435,
            "CI_high": 0.02817621933722322
        },
        "OM-RGC-GH-pool_labeled": {
            "Mean": 0.09373200447180784,
            "CI_low": 0.07985372345203771,
            "CI_high": 0.10744052728486722
        },
        "GH_valid": {
            "Mean": 0.027364106491002432,
            "CI_low": 0.024913260967000677,
            "CI_high": 0.030327304575208738
        },
        "GH_test": {
            "Mean": 0.027802804186288724,
            "CI_low": 0.024737365746721838,
            "CI_high": 0.031152342206839326
        },
        "GH_experimental_filled": {
            "Mean": 0.05089071348538279,
            "CI_low": 0.0456602976128979,
            "CI_high": 0.05714062604884995
        },
        "price129": {
            "Mean": 0.02960105794996129,
            "CI_low": 0.02667989364328223,
            "CI_high": 0.03263749909905673
        },
        "new392": {
            "Mean": 0.031812855461034684,
            "CI_low": 0.027301902602695886,
            "CI_high": 0.03720711091778877
        },
        "halogenase": {
            "Mean": 0.05443624543617357,
            "CI_low": 0.047999675976318754,
            "CI_high": 0.06185133443470052
        }
    },
    "aa_sequence_wasserstein": {
        "valid": {
            "Mean": 0.001665219502278515,
            "CI_low": 0.0014846603837876,
            "CI_high": 0.0018394785525272465
        },
        "test1": {
            "Mean": 0.0012374515165963053,
            "CI_low": 0.0011214793933019397,
            "CI_high": 0.0013685522306957937
        },
        "test2": {
            "Mean": 0.003166231421156921,
            "CI_low": 0.002791109314248936,
            "CI_high": 0.0035813793095670196
        },
        "OM-RGC-GH-pool_labeled": {
            "Mean": 0.016683757176247305,
            "CI_low": 0.015278057961309011,
            "CI_high": 0.018008101341491705
        },
        "GH_valid": {
            "Mean": 0.006578191965628338,
            "CI_low": 0.005921105453997464,
            "CI_high": 0.007460190617082065
        },
        "GH_test": {
            "Mean": 0.006720755115851429,
            "CI_low": 0.0060336413163937985,
            "CI_high": 0.007468678824257525
        },
        "GH_experimental_filled": {
            "Mean": 0.00953981144013211,
            "CI_low": 0.00839668961125674,
            "CI_high": 0.0107929841429093
        },
        "price129": {
            "Mean": 0.008614018699897565,
            "CI_low": 0.007543433733723235,
            "CI_high": 0.009888087749519202
        },
        "new392": {
            "Mean": 0.005457373308751343,
            "CI_low": 0.004675616838332508,
            "CI_high": 0.0063711738329222545
        },
        "halogenase": {
            "Mean": 0.007763687893105993,
            "CI_low": 0.006639067329783497,
            "CI_high": 0.009025307327019207
        }
    },
    "correlation": {
        "pearson": [
            0.9148921654841861,
            0.744241567139573,
            0.9899208787357011
        ],
        "spearman": [
            0.8574944680846402,
            0.47474920382165603,
            1.0
        ]
    }
}