{
    "esm_wasserstein": {
        "valid": {
            "Mean": 0.009231189449164926,
            "CI_low": 0.00830967183041122,
            "CI_high": 0.010422102162805313
        },
        "test1": {
            "Mean": 0.00812325135673103,
            "CI_low": 0.0071040774865618085,
            "CI_high": 0.009053571809997494
        },
        "test2": {
            "Mean": 0.025235213728713183,
            "CI_low": 0.02216857007460769,
            "CI_high": 0.028138040874663647
        },
        "OM-RGC-GH-pool_labeled": {
            "Mean": 0.09489015078259215,
            "CI_low": 0.0826518141281348,
            "CI_high": 0.10785724736687828
        },
        "GH_valid": {
            "Mean": 0.027685741049052845,
            "CI_low": 0.024760041533482685,
            "CI_high": 0.03065351776806649
        },
        "GH_test": {
            "Mean": 0.027650605909337482,
            "CI_low": 0.024828806649740017,
            "CI_high": 0.030473562928603946
        },
        "GH_experimental_filled": {
            "Mean": 0.051110480349070835,
            "CI_low": 0.04560497328423216,
            "CI_high": 0.057600784230957054
        },
        "price129": {
            "Mean": 0.029641697848597177,
            "CI_low": 0.02670956793661307,
            "CI_high": 0.0325758662455842
        },
        "new392": {
            "Mean": 0.031852302594915845,
            "CI_low": 0.02670166199049813,
            "CI_high": 0.03630492826742099
        },
        "halogenase": {
            "Mean": 0.05510934029983103,
            "CI_low": 0.04749625069270456,
            "CI_high": 0.06318063122708033
        }
    },
    "aa_sequence_wasserstein": {
        "valid": {
            "Mean": 0.0016521134499914198,
            "CI_low": 0.0014458141725750614,
            "CI_high": 0.0018235145082098688
        },
        "test1": {
            "Mean": 0.0012401755442106842,
            "CI_low": 0.0011148309852567373,
            "CI_high": 0.001404389546040351
        },
        "test2": {
            "Mean": 0.003159906212574447,
            "CI_low": 0.002809521580944472,
            "CI_high": 0.003553280640185452
        },
        "OM-RGC-GH-pool_labeled": {
            "Mean": 0.016721486863289108,
            "CI_low": 0.01531333554789152,
            "CI_high": 0.01813226060079122
        },
        "GH_valid": {
            "Mean": 0.006647292525224701,
            "CI_low": 0.005814041733919964,
            "CI_high": 0.007409879990845368
        },
        "GH_test": {
            "Mean": 0.0067437668295295934,
            "CI_low": 0.005969379524292002,
            "CI_high": 0.007566480953989566
        },
        "GH_experimental_filled": {
            "Mean": 0.009489515377228546,
            "CI_low": 0.008481822150147249,
            "CI_high": 0.010760692403025929
        },
        "price129": {
            "Mean": 0.008587144679391558,
            "CI_low": 0.007555767591714953,
            "CI_high": 0.009703594368026805
        },
        "new392": {
            "Mean": 0.0054475328262417275,
            "CI_low": 0.004658220492935821,
            "CI_high": 0.0064303158756386855
        },
        "halogenase": {
            "Mean": 0.007806849198855499,
            "CI_low": 0.006818640254143564,
            "CI_high": 0.009049023297094196
        }
    },
    "correlation": {
        "pearson": [
            0.9158859425678874,
            0.7362740612797423,
            0.9913757357117641
        ],
        "spearman": [
            0.8422675121327233,
            0.4988636363636364,
            1.0
        ]
    }
}