{
    "esm_wasserstein": {
        "valid": {
            "Mean": 0.00913807525300877,
            "CI_low": 0.008275683152840607,
            "CI_high": 0.009960884714675702
        },
        "test1": {
            "Mean": 0.008130723398157213,
            "CI_low": 0.0072005440881194325,
            "CI_high": 0.00946811731146735
        },
        "test2": {
            "Mean": 0.025326039086951965,
            "CI_low": 0.021774113412442585,
            "CI_high": 0.029200488677933713
        }
    },
    "aa_sequence_wasserstein": {
        "valid": {
            "Mean": 0.001650692637461805,
            "CI_low": 0.0014788751675960166,
            "CI_high": 0.0018431498682180932
        },
        "test1": {
            "Mean": 0.0012269186116726327,
            "CI_low": 0.0010644998767365512,
            "CI_high": 0.0013619809093366952
        },
        "test2": {
            "Mean": 0.0031471992161533568,
            "CI_low": 0.002757452905229414,
            "CI_high": 0.003473006873724945
        }
    },
    "correlation": {
        "pearson": [
            NaN,
            NaN,
            NaN
        ],
        "spearman": [
            NaN,
            NaN,
            NaN
        ]
    }
}