{
    "esm_wasserstein": {
        "valid": {
            "Mean": 0.00908898135382304,
            "CI_low": 0.008238271439414526,
            "CI_high": 0.010037957508099328
        },
        "test1": {
            "Mean": 0.008105858461533859,
            "CI_low": 0.007350295391677625,
            "CI_high": 0.008885863445898309
        },
        "test2": {
            "Mean": 0.02546495922110141,
            "CI_low": 0.02246545428096835,
            "CI_high": 0.028749005729292544
        },
        "OM-RGC-GH-pool_labeled": {
            "Mean": 0.09393957360879376,
            "CI_low": 0.07882130244758237,
            "CI_high": 0.10753146968909172
        },
        "GH_valid": {
            "Mean": 0.02777329054327146,
            "CI_low": 0.025160111897468362,
            "CI_high": 0.030724834011482516
        },
        "GH_test": {
            "Mean": 0.027881406412983093,
            "CI_low": 0.02479128580058696,
            "CI_high": 0.0313747768847605
        },
        "GH_experimental_filled": {
            "Mean": 0.05108270220686242,
            "CI_low": 0.04509211430973417,
            "CI_high": 0.057145284516101943
        },
        "price129": {
            "Mean": 0.029371863856155454,
            "CI_low": 0.0263620882383985,
            "CI_high": 0.03315855085691314
        },
        "new392": {
            "Mean": 0.03156475724265257,
            "CI_low": 0.028073034374437124,
            "CI_high": 0.03578121589057992
        },
        "halogenase": {
            "Mean": 0.055129263937690215,
            "CI_low": 0.04907350651055518,
            "CI_high": 0.06291125591096569
        }
    },
    "aa_sequence_wasserstein": {
        "valid": {
            "Mean": 0.0016668356468759018,
            "CI_low": 0.0014892481670701475,
            "CI_high": 0.0018591749026377392
        },
        "test1": {
            "Mean": 0.0012348473442068894,
            "CI_low": 0.0011060467622415963,
            "CI_high": 0.0013658587528564677
        },
        "test2": {
            "Mean": 0.003183908721537321,
            "CI_low": 0.0028487795944533776,
            "CI_high": 0.0035893859906895643
        },
        "OM-RGC-GH-pool_labeled": {
            "Mean": 0.016651815129735098,
            "CI_low": 0.015294387532452042,
            "CI_high": 0.018211035038552356
        },
        "GH_valid": {
            "Mean": 0.006583072241328256,
            "CI_low": 0.005832995583157744,
            "CI_high": 0.007381356863265691
        },
        "GH_test": {
            "Mean": 0.0068002193749788905,
            "CI_low": 0.006008723183743782,
            "CI_high": 0.007710453979303766
        },
        "GH_experimental_filled": {
            "Mean": 0.009503438215118476,
            "CI_low": 0.008345156578561644,
            "CI_high": 0.010738590804313662
        },
        "price129": {
            "Mean": 0.00858469974768008,
            "CI_low": 0.0074727605859277015,
            "CI_high": 0.009772852540482458
        },
        "new392": {
            "Mean": 0.005463807656472426,
            "CI_low": 0.004662727761222483,
            "CI_high": 0.006449385006185231
        },
        "halogenase": {
            "Mean": 0.007806268922447202,
            "CI_low": 0.006698109746227357,
            "CI_high": 0.008954153418580073
        }
    },
    "correlation": {
        "pearson": [
            0.8960723501362478,
            0.6423241555044015,
            0.9883130025492739
        ],
        "spearman": [
            0.8317444546652775,
            0.4207547169811321,
            1.0
        ]
    }
}