{
    "esm_wasserstein": {
        "valid": {
            "Mean": 0.009100862939948336,
            "CI_low": 0.008213046662593482,
            "CI_high": 0.010191204455533252
        },
        "test1": {
            "Mean": 0.00816307093421585,
            "CI_low": 0.007236861736874058,
            "CI_high": 0.009147263968762625
        },
        "test2": {
            "Mean": 0.025324844789977846,
            "CI_low": 0.022502439918424173,
            "CI_high": 0.02810369743998269
        }
    },
    "aa_sequence_wasserstein": {
        "valid": {
            "Mean": 0.0016456969584587799,
            "CI_low": 0.0014413638854516176,
            "CI_high": 0.0018311334625423284
        },
        "test1": {
            "Mean": 0.0012325198983776334,
            "CI_low": 0.0010998848325159184,
            "CI_high": 0.0013579514143804757
        },
        "test2": {
            "Mean": 0.0031820260615252867,
            "CI_low": 0.0027750756950766543,
            "CI_high": 0.003606738756194699
        }
    },
    "correlation": {
        "pearson": [
            NaN,
            NaN,
            NaN
        ],
        "spearman": [
            NaN,
            NaN,
            NaN
        ]
    }
}