{
    "esm_wasserstein": {
        "valid": {
            "Mean": 0.00912269861386477,
            "CI_low": 0.008113187717977715,
            "CI_high": 0.010046205848484216
        },
        "test1": {
            "Mean": 0.008105118186520903,
            "CI_low": 0.007228593005215904,
            "CI_high": 0.00903407028941726
        },
        "test2": {
            "Mean": 0.025382419853167068,
            "CI_low": 0.021826960938222374,
            "CI_high": 0.02944116089572069
        }
    },
    "aa_sequence_wasserstein": {
        "valid": {
            "Mean": 0.001655356230004485,
            "CI_low": 0.0014562176528869753,
            "CI_high": 0.0018332118335133338
        },
        "test1": {
            "Mean": 0.001233935781316308,
            "CI_low": 0.0011155697290172418,
            "CI_high": 0.0013784382920425506
        },
        "test2": {
            "Mean": 0.003182472988406943,
            "CI_low": 0.0028191708106752216,
            "CI_high": 0.0035142730970166465
        }
    },
    "correlation": {
        "pearson": [
            NaN,
            NaN,
            NaN
        ],
        "spearman": [
            NaN,
            NaN,
            NaN
        ]
    }
}