{
    "esm_wasserstein": {
        "train": {
            "Mean": 0.0003831693464373784,
            "CI_low": 0.0003481369386410741,
            "CI_high": 0.0004378570089069541
        }
    },
    "aa_sequence_wasserstein": {
        "train": {
            "Mean": 8.246734774345199e-05,
            "CI_low": 6.961332817253458e-05,
            "CI_high": 9.720932707320978e-05
        }
    }
}