{
    "esm_wasserstein": {
        "valid": {
            "Mean": 0.009156908581842014,
            "CI_low": 0.00821359119421896,
            "CI_high": 0.010099432728633789
        },
        "test1": {
            "Mean": 0.008165628580953554,
            "CI_low": 0.0073259342683264965,
            "CI_high": 0.009184648827414193
        },
        "test2": {
            "Mean": 0.025259574365054244,
            "CI_low": 0.022056061154648036,
            "CI_high": 0.028460438311414295
        },
        "OM-RGC-GH-pool_labeled": {
            "Mean": 0.0940263433103187,
            "CI_low": 0.08064281986378811,
            "CI_high": 0.10830052707735906
        },
        "GH_valid": {
            "Mean": 0.027535894572671794,
            "CI_low": 0.024530368224602146,
            "CI_high": 0.03088352189571911
        },
        "GH_test": {
            "Mean": 0.02780938840583003,
            "CI_low": 0.024836381597785777,
            "CI_high": 0.03116966422497498
        },
        "GH_experimental_filled": {
            "Mean": 0.05104541277346244,
            "CI_low": 0.045366961884334665,
            "CI_high": 0.05649193754049824
        },
        "price129": {
            "Mean": 0.029652263337390766,
            "CI_low": 0.026449137519179943,
            "CI_high": 0.03303008926268353
        },
        "new392": {
            "Mean": 0.031541071132203745,
            "CI_low": 0.027608164236185725,
            "CI_high": 0.035606005943838254
        },
        "halogenase": {
            "Mean": 0.05511333713877983,
            "CI_low": 0.04859116445583095,
            "CI_high": 0.061629366223913136
        }
    },
    "aa_sequence_wasserstein": {
        "valid": {
            "Mean": 0.001643314244642799,
            "CI_low": 0.0014720383120430244,
            "CI_high": 0.0018127770115986817
        },
        "test1": {
            "Mean": 0.0012352773566612627,
            "CI_low": 0.0011169322000156084,
            "CI_high": 0.001366807213761064
        },
        "test2": {
            "Mean": 0.003167163935887096,
            "CI_low": 0.002814869621248254,
            "CI_high": 0.0036295545103688944
        },
        "OM-RGC-GH-pool_labeled": {
            "Mean": 0.016751901109325812,
            "CI_low": 0.015228224031467908,
            "CI_high": 0.018346872852327365
        },
        "GH_valid": {
            "Mean": 0.006562211511544621,
            "CI_low": 0.005858678143728738,
            "CI_high": 0.007309455345747877
        },
        "GH_test": {
            "Mean": 0.006739422718005347,
            "CI_low": 0.005944530486856592,
            "CI_high": 0.007578347788559826
        },
        "GH_experimental_filled": {
            "Mean": 0.009489525430721079,
            "CI_low": 0.008403351936596273,
            "CI_high": 0.010860491807533932
        },
        "price129": {
            "Mean": 0.008671518115777599,
            "CI_low": 0.007504890052458504,
            "CI_high": 0.009803821088646763
        },
        "new392": {
            "Mean": 0.005461047892233335,
            "CI_low": 0.004692427768136594,
            "CI_high": 0.006378520616704659
        },
        "halogenase": {
            "Mean": 0.007757254404962492,
            "CI_low": 0.006835018732447863,
            "CI_high": 0.009155859024601908
        }
    }
}