{
    "esm_wasserstein": {
        "OM-RGC-GH-pool_labeled": {
            "Mean": 0.09402823094576566,
            "CI_low": 0.08187101730930503,
            "CI_high": 0.10951948142111846
        },
        "GH_valid": {
            "Mean": 0.0275407807619895,
            "CI_low": 0.02473550766844815,
            "CI_high": 0.030294800456161588
        },
        "GH_test": {
            "Mean": 0.02780626639267446,
            "CI_low": 0.02496836850040974,
            "CI_high": 0.030572465027449994
        },
        "GH_experimental_filled": {
            "Mean": 0.05091701262435468,
            "CI_low": 0.04540336572117401,
            "CI_high": 0.05698102682194233
        }
    },
    "aa_sequence_wasserstein": {
        "OM-RGC-GH-pool_labeled": {
            "Mean": 0.016718541493841235,
            "CI_low": 0.015313133711761323,
            "CI_high": 0.018105051731087625
        },
        "GH_valid": {
            "Mean": 0.006597166146922651,
            "CI_low": 0.0057864167704577175,
            "CI_high": 0.0074333673636280675
        },
        "GH_test": {
            "Mean": 0.0067599837809344185,
            "CI_low": 0.005936647106534382,
            "CI_high": 0.007635961483456295
        },
        "GH_experimental_filled": {
            "Mean": 0.009579553674109573,
            "CI_low": 0.008514680368596258,
            "CI_high": 0.010972108898903992
        }
    },
    "correlation": {
        "pearson": [
            NaN,
            NaN,
            NaN
        ],
        "spearman": [
            NaN,
            NaN,
            NaN
        ]
    }
}