{
    "esm_wasserstein": {
        "price129": {
            "Mean": 0.029407783896611247,
            "CI_low": 0.02641080356965249,
            "CI_high": 0.03242119726119257
        },
        "new392": {
            "Mean": 0.03161766389334753,
            "CI_low": 0.027295410920507707,
            "CI_high": 0.03684588497684502
        },
        "halogenase": {
            "Mean": 0.0549534764188334,
            "CI_low": 0.04874216903683842,
            "CI_high": 0.06184828347154905
        }
    },
    "aa_sequence_wasserstein": {
        "price129": {
            "Mean": 0.008649853775963426,
            "CI_low": 0.007669235729579532,
            "CI_high": 0.009781860086167856
        },
        "new392": {
            "Mean": 0.005456488941263058,
            "CI_low": 0.004565001074506554,
            "CI_high": 0.00622164297724763
        },
        "halogenase": {
            "Mean": 0.007754877309803825,
            "CI_low": 0.006861834546682811,
            "CI_high": 0.00892912166411908
        }
    },
    "correlation": {
        "pearson": [
            NaN,
            NaN,
            NaN
        ],
        "spearman": [
            NaN,
            NaN,
            NaN
        ]
    }
}