{
    "esm_wasserstein": {
        "price129": {
            "Mean": 0.029665611913437195,
            "CI_low": 0.026709005942869735,
            "CI_high": 0.032743893626288864
        },
        "new392": {
            "Mean": 0.031698131940965005,
            "CI_low": 0.02780077352195515,
            "CI_high": 0.03596220741601609
        },
        "halogenase": {
            "Mean": 0.054985797019078395,
            "CI_low": 0.048231013165615136,
            "CI_high": 0.06190424962012045
        }
    },
    "aa_sequence_wasserstein": {
        "price129": {
            "Mean": 0.008591642774217624,
            "CI_low": 0.0074294903028995765,
            "CI_high": 0.009809775772942104
        },
        "new392": {
            "Mean": 0.005427605492164394,
            "CI_low": 0.004731254877469191,
            "CI_high": 0.006338286442320077
        },
        "halogenase": {
            "Mean": 0.007756220436591046,
            "CI_low": 0.006712141875353742,
            "CI_high": 0.008869667415043017
        }
    },
    "correlation": {
        "pearson": [
            NaN,
            NaN,
            NaN
        ],
        "spearman": [
            NaN,
            NaN,
            NaN
        ]
    }
}