{
    "esm_wasserstein": {
        "train": {
            "Mean": 0.0003816785326492758,
            "CI_low": 0.00034342184863955094,
            "CI_high": 0.0004310982622867015
        }
    },
    "aa_sequence_wasserstein": {
        "train": {
            "Mean": 8.248492416533846e-05,
            "CI_low": 7.087479036764386e-05,
            "CI_high": 0.00010091275647465811
        }
    }
}