{
    "esm_wasserstein": {
        "valid": {
            "Mean": 0.009183474018307651,
            "CI_low": 0.008354691582542385,
            "CI_high": 0.010050689607370045
        },
        "test1": {
            "Mean": 0.008136563992711255,
            "CI_low": 0.0071531750807859095,
            "CI_high": 0.009081927313087422
        },
        "test2": {
            "Mean": 0.025377792746035487,
            "CI_low": 0.02205255038589932,
            "CI_high": 0.02929470913070131
        },
        "OM-RGC-GH-pool_labeled": {
            "Mean": 0.09297430459937135,
            "CI_low": 0.08046408511115918,
            "CI_high": 0.10842632800594951
        },
        "GH_valid": {
            "Mean": 0.027598062355265997,
            "CI_low": 0.024981997750225155,
            "CI_high": 0.030044089022670462
        },
        "GH_test": {
            "Mean": 0.027938609299719256,
            "CI_low": 0.024883275244127836,
            "CI_high": 0.03140826568425008
        },
        "GH_experimental_filled": {
            "Mean": 0.05135570465179273,
            "CI_low": 0.04582486547146322,
            "CI_high": 0.05753471381544358
        },
        "price129": {
            "Mean": 0.02971797085101791,
            "CI_low": 0.026907688089892558,
            "CI_high": 0.03274462921501365
        },
        "new392": {
            "Mean": 0.03159311524336604,
            "CI_low": 0.02698226532833774,
            "CI_high": 0.036019352526641554
        },
        "halogenase": {
            "Mean": 0.055048326873714484,
            "CI_low": 0.04804416064420633,
            "CI_high": 0.06245501226914534
        }
    },
    "aa_sequence_wasserstein": {
        "valid": {
            "Mean": 0.0016490924449766985,
            "CI_low": 0.0014784561600411019,
            "CI_high": 0.0018591135683395563
        },
        "test1": {
            "Mean": 0.0012305267021308617,
            "CI_low": 0.0011030729418332517,
            "CI_high": 0.001375632767071242
        },
        "test2": {
            "Mean": 0.0031956649154089483,
            "CI_low": 0.002832982203245556,
            "CI_high": 0.0035735908134558745
        },
        "OM-RGC-GH-pool_labeled": {
            "Mean": 0.016764899829752884,
            "CI_low": 0.015321028039031244,
            "CI_high": 0.01824509689469194
        },
        "GH_valid": {
            "Mean": 0.00661861393994158,
            "CI_low": 0.005923184414883741,
            "CI_high": 0.007345379820080259
        },
        "GH_test": {
            "Mean": 0.006809494413227278,
            "CI_low": 0.0060979903428236715,
            "CI_high": 0.007457618003565379
        },
        "GH_experimental_filled": {
            "Mean": 0.009529176062470883,
            "CI_low": 0.008470307399410768,
            "CI_high": 0.010705001552698537
        },
        "price129": {
            "Mean": 0.008667806593442894,
            "CI_low": 0.007719030087089353,
            "CI_high": 0.009850833021599472
        },
        "new392": {
            "Mean": 0.005413277492600656,
            "CI_low": 0.004642850132898684,
            "CI_high": 0.006334570833867647
        },
        "halogenase": {
            "Mean": 0.007748829967862323,
            "CI_low": 0.006804345637658498,
            "CI_high": 0.008854823162542193
        }
    },
    "correlation": {
        "pearson": [
            0.9100222238890499,
            0.654308138918381,
            0.9904492809821972
        ],
        "spearman": [
            0.8592099307215988,
            0.4713572732805843,
            1.0
        ]
    }
}