{
    "esm_wasserstein": {
        "valid": {
            "Mean": 0.009183431703960469,
            "CI_low": 0.008323004408839018,
            "CI_high": 0.010290103646610734
        },
        "test1": {
            "Mean": 0.008142595611843256,
            "CI_low": 0.0071990692828878345,
            "CI_high": 0.009019483127179843
        },
        "test2": {
            "Mean": 0.025538017916266552,
            "CI_low": 0.02185480074216683,
            "CI_high": 0.029666416857626925
        }
    },
    "aa_sequence_wasserstein": {
        "valid": {
            "Mean": 0.0016469996254577506,
            "CI_low": 0.0014720886263027723,
            "CI_high": 0.0018427465000155324
        },
        "test1": {
            "Mean": 0.0012382169412612268,
            "CI_low": 0.0011024663159309308,
            "CI_high": 0.0013716137168586439
        },
        "test2": {
            "Mean": 0.003159928910697678,
            "CI_low": 0.0027852070653333937,
            "CI_high": 0.003540832440143504
        }
    },
    "correlation": {
        "pearson": [
            NaN,
            NaN,
            NaN
        ],
        "spearman": [
            NaN,
            NaN,
            NaN
        ]
    }
}